Ano;Rec_Op_Liq (milhares R$);Cres_Rec (%);EBIT (milhares R$);Margem_Ebit (%);IR_CSS (milhares R$);IR/EBIT (%);Imobilizado (milhares R$);CresImob (%);Deprec (milhares R$);Deprec/Imob (%);CAPEX (milhares R$);Capex/Receita(%);varcapgiro (milhares R$);varcapgiro/receita (%)
2012;3862508;0.192668431452045;559250;0.14478934412563;-153419;0.274329906124274;846204;0.411561000265229;-132949;0.157112232984009;-382300;0.0989771412771184;183820;0.0475908399413024
2013;4370946;0.131634161016624;650438;0.148809433930321;-175310;0.269526073199905;1063348;0.256609517326791;-167437;0.157462091431968;-412100;0.0942816497847377;244024;0.0558286467048552
2014;5216820;0.193521951540925;802050;0.153743084867793;-236755;0.29518733246057;1304065;0.226376501389949;-212732;0.163129905334473;-502000;0.0962272035454549;184498;0.0353659892424887
2015;6145198;0.17795860313371;933253;0.151867035041019;-249829;0.267696969632029;1544202;0.184144962099282;-264780;0.171467204420147;-571300;0.0929668987069253;183968;0.0299368710332849
2016;6451578;0.04985681502858;975690;0.151232768169276;-247322;0.253484200924474;1645069;0.0653198221476206;-311261;0.189208476969659;-477200;0.0739664001582249;-102130;-0.0158302356415748
